{
    "Version": "2012-10-17",
    "Statement": [
        {
            "Resource": [
                "arn:aws:es:us-east-1:xxxxxxxx:domain/esdomain/client2*"
            ],
            "Action": [
                "es:*"
            ],
            "Effect": "Allow"
        },
        {
            "Resource": [
                "arn:aws:es:us-east-1:xxxxxxxx:domain/esdomain/",
                "arn:aws:es:us-east-1:xxxxxxxx:domain/esdomain/favicon.ico",
                "arn:aws:es:us-east-1:xxxxxxxx:domain/esdomain/_*",
                "arn:aws:es:us-east-1:xxxxxxxx:domain/esdomain/.*"
            ],
            "Action": [
                "es:*"
            ],
            "Effect": "Allow"
        }
    ]
}