{
    "Version": "2012-10-17",
    "Statement": [
        {
            "Sid": "DenyNotUserOrRole",
            "Effect": "Deny",
            "Principal": "*",
            "Action": "es:*",
            "Resource": "arn:aws:es:us-east-1:xxxxxxx:domain/essecurity/*",
            "Condition": {
                "StringNotEquals": {
                    "aws:principaltype": [
                        "User",
                        "AssumedRole",
                        "Account"
                    ]
                }
            }
        },
        {
            "Sid": "DenyRoleNotSrcsys",
            "Effect": "Deny",
            "Principal": "*",
            "Action": "es:*",
            "Resource": "arn:aws:es:us-east-1:xxxxxx:domain/essecurity/*",
            "Condition": {
                "StringEquals": {
                    "aws:principaltype": [
                        "AssumedRole",
                        "Account"
                    ]
                },
                "StringNotLike": {
                    "aws:userId": [
                        "AROAJ7TXT2VWE3XJQD4FI:*",
                        "AROAJQLM3ET4463VPJ3UC:*",
                        "AROAITX6R5JG7CYUUCH46:*"
                    ]
                }
            }
        }
    ]
}